No,Movie_Name,Year_Started,Genre,RunTime,Rating,Director,Actor,Description,IMDB_Score,Metascore,Votes,USA_Gross,Category
2,The Falcon and the Winter Soldier,2021,"Action,Adventure,Drama",50,TV-14,NA,"AnthonyMackie,SebastianStan,WyattRussell,ErinKellyman","Following the events of 'Avengers: Endgame,' Sam Wilson/Falcon and Bucky Barnes/Winter Soldier team up in a global adventure that tests their abilities -- and their patience.",7.5,NA,105557,NA,Marvel
3,WandaVision,2021,"Action,Comedy,Drama",350,TV-PG,NA,"ElizabethOlsen,PaulBettany,KathrynHahn,TeyonahParris","Blends the style of classic sitcoms with the MCU, in which Wanda Maximoff and Vision - two super-powered beings living their ideal suburban lives - begin to suspect that everything is not as it seems.",8.1,NA,174710,NA,Marvel
6,Avengers: Endgame,2019,"Action,Adventure,Drama",181,PG-13,"AnthonyRusso,JoeRusso","RobertDowneyJr.,ChrisEvans,MarkRuffalo,ChrisHemsworth","After the devastating events of Avengers: Infinity War (2018), the universe is in ruins. With the help of remaining allies, the Avengers assemble once more in order to reverse Thanos' actions and restore balance to the universe.",8.4,78,880911,$858.37M,Marvel
7,Guardians of the Galaxy,2014,"Action,Adventure,Comedy",121,PG-13,JamesGunn,"ChrisPratt,VinDiesel,BradleyCooper,ZoeSaldana",A group of intergalactic criminals must pull together to stop a fanatical warrior with plans to purge the universe.,8,76,1066222,$333.18M,Marvel
9,Spider-Man: Far from Home,2019,"Action,Adventure,Sci-Fi",129,PG-13,JonWatts,"TomHolland,SamuelL.Jackson,JakeGyllenhaal,MarisaTomei","Following the events of Avengers: Endgame (2019), Spider-Man must step up to take on new threats in a world that has changed forever.",7.5,69,348047,$390.53M,Marvel
10,Thor: Ragnarok,2017,"Action,Adventure,Comedy",130,PG-13,TaikaWaititi,"ChrisHemsworth,TomHiddleston,CateBlanchett,MarkRuffalo","Imprisoned on the planet Sakaar, Thor must race against time to return to Asgard and stop Ragnar<U+00F6>k, the destruction of his world, at the hands of the powerful and ruthless villain Hela.",7.9,74,615860,$315.06M,Marvel
11,Avengers: Infinity War,2018,"Action,Adventure,Sci-Fi",149,PG-13,"AnthonyRusso,JoeRusso","RobertDowneyJr.,ChrisHemsworth,MarkRuffalo,ChrisEvans",The Avengers and their allies must be willing to sacrifice all in an attempt to defeat the powerful Thanos before his blitz of devastation and ruin puts an end to the universe.,8.4,68,881638,$678.82M,Marvel
12,Black Panther,2018,"Action,Adventure,Sci-Fi",134,PG-13,RyanCoogler,"ChadwickBoseman,MichaelB.Jordan,LupitaNyong'o,DanaiGurira","T'Challa, heir to the hidden but advanced kingdom of Wakanda, must step forward to lead his people into a new future and must confront a challenger from his country's past.",7.3,88,652032,$700.06M,Marvel
13,Captain Marvel,2019,"Action,Adventure,Sci-Fi",123,PG-13,"AnnaBoden,RyanFleck","BrieLarson,SamuelL.Jackson,BenMendelsohn,JudeLaw",Carol Danvers becomes one of the universe's most powerful heroes when Earth is caught in the middle of a galactic war between two alien races.,6.9,64,470319,$426.83M,Marvel
15,Spider-Man: Homecoming,2017,"Action,Adventure,Sci-Fi",133,PG-13,JonWatts,"TomHolland,MichaelKeaton,RobertDowneyJr.,MarisaTomei","Peter Parker balances his life as an ordinary high school student in Queens with his superhero alter-ego Spider-Man, and finds himself on the trail of a new menace prowling the skies of New York City.",7.4,73,532946,$334.20M,Marvel
16,Avengers: Age of Ultron,2015,"Action,Adventure,Sci-Fi",141,PG-13,JossWhedon,"RobertDowneyJr.,ChrisEvans,MarkRuffalo,ChrisHemsworth","When Tony Stark and Bruce Banner try to jump-start a dormant peacekeeping program called Ultron, things go horribly wrong and it's up to Earth's mightiest heroes to stop the villainous Ultron from enacting his terrible plan.",7.3,66,769385,$459.01M,Marvel
17,Captain America: The First Avenger,2011,"Action,Adventure,Sci-Fi",124,PG-13,JoeJohnston,"ChrisEvans,HugoWeaving,SamuelL.Jackson,HayleyAtwell","Steve Rogers, a rejected military soldier, transforms into Captain America after taking a dose of a ""Super-Soldier serum"". But being Captain America comes at a price as he attempts to take down a war monger and a terrorist organization.",6.9,66,761947,$176.65M,Marvel
18,Guardians of the Galaxy Vol. 2,2017,"Action,Adventure,Comedy",136,PG-13,JamesGunn,"ChrisPratt,ZoeSaldana,DaveBautista,VinDiesel","The Guardians struggle to keep together as a team while dealing with their personal family issues, notably Star-Lord's encounter with his father the ambitious celestial being Ego.",7.6,67,589362,$389.81M,Marvel
19,Thor,2011,"Action,Adventure,Fantasy",115,PG-13,KennethBranagh,"ChrisHemsworth,AnthonyHopkins,NataliePortman,TomHiddleston","The powerful but arrogant god Thor is cast out of Asgard to live amongst humans in Midgard (Earth), where he soon becomes one of their finest defenders.",7,57,764898,$181.03M,Marvel
20,Iron Man,2008,"Action,Adventure,Sci-Fi",126,PG-13,JonFavreau,"RobertDowneyJr.,GwynethPaltrow,TerrenceHoward,JeffBridges","After being held captive in an Afghan cave, billionaire engineer Tony Stark creates a unique weaponized suit of armor to fight evil.",7.9,79,960817,$318.41M,Marvel
21,Captain America: Civil War,2016,"Action,Adventure,Sci-Fi",147,PG-13,"AnthonyRusso,JoeRusso","ChrisEvans,RobertDowneyJr.,ScarlettJohansson,SebastianStan",Political involvement in the Avengers' affairs causes a rift between Captain America and Iron Man.,7.8,75,686621,$408.08M,Marvel
22,The Avengers,2012,"Action,Adventure,Sci-Fi",143,PG-13,JossWhedon,"RobertDowneyJr.,ChrisEvans,ScarlettJohansson,JeremyRenner",Earth's mightiest heroes must come together and learn to fight as a team if they are going to stop the mischievous Loki and his alien army from enslaving humanity.,8,69,1283515,$623.28M,Marvel
24,Brightburn,2019,"Drama,Horror,Mystery",90,R,DavidYarovesky,"ElizabethBanks,DavidDenman,JacksonA.Dunn,AbrahamClinkscales","What if a child from another world crash-landed on Earth, but instead of becoming a hero to mankind, he proved to be something far more sinister?",6.1,44,84999,$17.30M,Marvel
25,Doctor Strange,2016,"Action,Adventure,Fantasy",115,PG-13,ScottDerrickson,"BenedictCumberbatch,ChiwetelEjiofor,RachelMcAdams,BenedictWong","While on a journey of physical and spiritual healing, a brilliant neurosurgeon is drawn into the world of the mystic arts.",7.5,72,619963,$232.64M,Marvel
26,Ant-Man,2015,"Action,Adventure,Comedy",117,PG-13,PeytonReed,"PaulRudd,MichaelDouglas,CoreyStoll,EvangelineLilly","Armed with a super-suit with the astonishing ability to shrink in scale but increase in strength, cat burglar Scott Lang must embrace his inner hero and help his mentor, Dr. Hank Pym, plan and pull off a heist that will save the world.",7.3,64,588231,$180.20M,Marvel
27,Captain America: The Winter Soldier,2014,"Action,Adventure,Sci-Fi",136,PG-13,"AnthonyRusso,JoeRusso","ChrisEvans,SamuelL.Jackson,ScarlettJohansson,RobertRedford","As Steve Rogers struggles to embrace his role in the modern world, he teams up with a fellow Avenger and S.H.I.E.L.D agent, Black Widow, to battle a new threat from history: an assassin known as the Winter Soldier.",7.7,70,756882,$259.77M,Marvel
28,Iron Man 3,2013,"Action,Adventure,Sci-Fi",130,PG-13,ShaneBlack,"RobertDowneyJr.,GuyPearce,GwynethPaltrow,DonCheadle","When Tony Stark's world is torn apart by a formidable terrorist called the Mandarin, he starts an odyssey of rebuilding and retribution.",7.1,62,772986,$409.01M,Marvel
31,Thor: The Dark World,2013,"Action,Adventure,Fantasy",112,PG-13,AlanTaylor,"ChrisHemsworth,NataliePortman,TomHiddleston,StellanSkarsg<U+00E5>rd","When the Dark Elves attempt to plunge the universe into darkness, Thor must embark on a perilous and personal journey that will reunite him with doctor Jane Foster.",6.9,54,611700,$206.36M,Marvel
32,Iron Man 2,2010,"Action,Adventure,Sci-Fi",124,PG-13,JonFavreau,"RobertDowneyJr.,MickeyRourke,GwynethPaltrow,DonCheadle","With the world now aware of his identity as Iron Man, Tony Stark must contend with both his declining health and a vengeful mad man with ties to his father's legacy.",7,57,739920,$312.43M,Marvel
33,Spider-Man 3,2007,"Action,Adventure,Sci-Fi",139,PG-13,SamRaimi,"TobeyMaguire,KirstenDunst,TopherGrace,ThomasHadenChurch","A strange black entity from another world bonds with Peter Parker and causes inner turmoil as he contends with new villains, temptations, and revenge.",6.2,59,509072,$336.53M,Marvel
34,Ant-Man and the Wasp,2018,"Action,Adventure,Comedy",118,PG-13,PeytonReed,"PaulRudd,EvangelineLilly,MichaelPe<U+00F1>a,WaltonGoggins","As Scott Lang balances being both a superhero and a father, Hope van Dyne and Dr. Hank Pym present an urgent new mission that finds the Ant-Man fighting alongside The Wasp to uncover secrets from their past.",7,70,327092,$216.65M,Marvel
35,The Incredible Hulk,2008,"Action,Adventure,Sci-Fi",112,PG-13,LouisLeterrier,"EdwardNorton,LivTyler,TimRoth,WilliamHurt","Bruce Banner, a scientist on the run from the U.S. Government, must find a cure for the monster he turns into whenever he loses his temper.",6.7,61,444258,$134.52M,Marvel
40,Long Shot,2019,"Comedy,Romance",125,R,JonathanLevine,"CharlizeTheron,SethRogen,JuneDianeRaphael,O'SheaJacksonJr.","Journalist Fred Flarsky reunites with his childhood crush, Charlotte Field, now one of the most influential women in the world. As she prepares to make a run for the Presidency, Charlotte hires Fred as her speechwriter and sparks fly.",6.8,67,99733,$30.32M,Marvel
41,Ralph Breaks the Internet,2018,"Animation,Adventure,Comedy",112,PG,"PhilJohnston,RichMoore","JohnC.Reilly,SarahSilverman,GalGadot,TarajiP.Henson","Six years after the events of ""Wreck-It Ralph,"" Ralph and Vanellope, now friends, discover a wi-fi router in their arcade, leading them into a new adventure.",7,71,137872,$201.09M,Marvel
42,Fantastic 4: Rise of the Silver Surfer,2007,"Action,Adventure,Fantasy",92,PG,TimStory,"IoanGruffudd,JessicaAlba,ChrisEvans,MichaelChiklis",The Fantastic Four learn that they aren't the only super-powered beings in the universe when they square off against the powerful Silver Surfer and the planet-eating Galactus.,5.6,45,253509,$131.92M,Marvel
49,Guardians of the Galaxy: Inferno,2017,"Short,Comedy,Music",4,Not Rated,"JamesGunn,DavidYarovesky","DavidHasselhoff,ChrisPratt,DaveBautista,KarenGillan","A Guardians of the Galaxy video, the Guardians Inferno, featuring 80s pop star Zardu Hasselfrau.",8.1,NA,1571,NA,Marvel
52,Punisher: War Zone,2008,"Action,Crime,Drama",103,R,LexiAlexander,"RayStevenson,DominicWest,JulieBenz,DougHutchison","Frank Castle, known as the Punisher, ruthlessly demolishes organized crime, but it starts an even bigger war.",5.9,30,60678,$7.95M,Marvel
55,Marvel Studios: Legends,2021,"Action,Fantasy,Sci-Fi",7,TV-14,NA,NA,This series showcases individual characters from the MCU viewers have come to know and love over the years and revisit some of their most iconic moments.,6.5,NA,2687,NA,Marvel
56,Mutant X,2001,"Action,Adventure,Drama",60,TV-PG,NA,"VictoriaPratt,ForbesMarch,VictorWebster,JohnShea","A fugitive geneticist and four of his ""creations"" search for others of their kind while attempting to stay a step ahead of a morally ambiguous government agent.",5.9,NA,3982,NA,Marvel
58,Marvel Studios: Assembled,2021,Documentary,58,TV-14,NA,"KevinFeige,FlorencePugh,JacSchaeffer,NateMoore","Assembled is a comprehensive documentary series that chronicles the creation of Marvel Studios' thrilling new shows and theatrical releases. Assembled is an immersive, and in-depth examination of the next phase of the MCU.",8,NA,1120,NA,Marvel
61,Iron Man: Armored Adventures,2008,"Animation,Action,Adventure",22,TV-Y7,NA,"AdrianPetriw,DanielBacon,AnnaCummer,LisaAnnBeley",A teenage Tony Stark battles evil with his revolutionary power armor technology.,6.5,NA,3103,NA,Marvel
62,Marvel One-Shot: Agent Carter,2013,"Short,Action,Adventure",15,Not Rated,LouisD'Esposito,"HayleyAtwell,BradleyWhitford,DominicCooper,TimTrobec","Frustrated at being marginalized at work, Peggy Carter goes on an unauthorized solo field mission.",7.6,NA,8192,NA,Marvel
63,Team Thor,2016,"Short,Comedy,Fantasy",4,Not Rated,TaikaWaititi,"ChrisHemsworth,MarkRuffalo,DaleyPearson","The story of what the hammer-wielding Nordic god Thor was up to while the rest of the Avengers were battling each other in ""Captain America: Civil War"". He moves into a flat with office worker Darryl Jacobson in Australia.",8.1,NA,8154,NA,Marvel
64,The Oscars,2014,"Comedy,Music",175,TV-14,HamishHamilton,"EllenDeGeneres,AnneHathaway,BarkhadAbdi,BradleyCooper",The Academy of Motion Picture Arts and Sciences celebrates the previous year's (2013) achievements in film.,7.8,NA,3900,NA,Marvel
65,Hulk Vs.,2009,"Animation,Action,Adventure",82,PG-13,"SamLiu,FrankPaur","FredTatasciore,MatthewWolf,GrahamMcTavish,GreyGriffin",Two stories featuring Marvel's anti-hero The Incredible Hulk and his encounters with the X-Man Wolverine and the god known as Thor.,7,NA,11785,NA,Marvel
66,Wolverine,2011,"Animation,Action,Sci-Fi",23,TV-14,NA,"RikiyaKoyama,VicMignogna,MiloVentimiglia,RomiPak","Logan is asked by his old friend, a cop from Japan, to help him take down Shingen Yashida's crime syndicate and save Mariko, Logan's lost love, from forced marriage arranged by her father Shingen. Yukio, a female assassin, helps him.",6.4,NA,1263,NA,Marvel
67,The Oscars,2020,Music,170,TV-14,GlennWeiss,"ZazieBeetz,KeanuReeves,Timoth<U+00E9>eChalamet,BradPitt",The 92nd Academy Awards for film achievements in 2019 are presented by the Academy of Motion Picture Arts and Sciences.,6.6,NA,982,NA,Marvel
70,Ultimate Avengers: The Movie,2006,"Animation,Action,Adventure",72,PG-13,"CurtGeda,StevenE.Gordon,BobRichardson","JustinGross,GreyGriffin,MichaelMassee,MarcWorden","To confront an alien menace, General Fury assembles a team of superheroes lead by a recently resuscitated Captain America.",6.7,NA,12057,NA,Marvel
71,The Oscars,2016,"Comedy,Music",175,TV-14,GlennWeiss,"ChrisRock,EmilyBlunt,CharlizeTheron,TomMcCarthy",The 88th Academy Awards ceremony honors achievement in film in 2015.,6.4,NA,2024,NA,Marvel
72,The Oscars,2015,"Comedy,Music",223,TV-14,HamishHamilton,"NeilPatrickHarris,AnnaKendrick,LupitaNyong'o,RobertDuvall",The Academy of Motion Picture Arts and Sciences celebrates the year's achievements in film.,6.6,NA,3655,NA,Marvel
73,Iron Man,2010,"Animation,Action,Sci-Fi",25,TV-14,NA,"AdrianPasdar,BenDiskin,EdenRiegel,LauraBailey","When Tony Stark branches his company into Japan, he is opposed by the nefarious Zodiac organization. It's up to Stark's Iron Man to defeat the Zodiac, and defend Japan.",6.4,NA,1123,NA,Marvel
74,Marvel One-Shot: Item 47,2012,"Short,Action,Sci-Fi",12,Not Rated,LouisD'Esposito,"LizzyCaplan,JesseBradford,MaximilianoHern<U+00E1>ndez,TitusWelliver",SHIELD agent Sitwell is assigned to recover an abandoned Chitauri weapon being used by a young couple robbing a bank.,6.7,NA,8028,NA,Marvel
75,Marvel One-Shot: The Consultant,2011,"Short,Sci-Fi",4,Not Rated,Leythum,"ClarkGregg,MaximilianoHern<U+00E1>ndez,DeborahKnox,RobertDowneyJr.","Agents Coulson and Sitwell plan to derail General Thaddeus ""Thunderbolt"" Ross from interfering with S.H.I.E.L.D. affairs with a very special person.",6.6,NA,5979,NA,Marvel
76,The Invincible Iron Man,2007,"Animation,Action,Adventure",83,PG-13,"PatrickArchibald,JayOliva,FrankPaur","MarcWorden,GwendolineYeo,FredTatasciore,RodneySaulsberry","When a cocky industrialist's efforts to raise an ancient Chinese temple leads him to be seriously wounded and captured by enemy forces, he must use his ideas for a revolutionary power armor in order to fight back as a superhero.",5.9,NA,6991,NA,Marvel
77,Blade,2011,"Animation,Action,Horror",25,Not Rated,NA,"Akio<U+00D4>tsuka,MaayaSakamoto,KimMaiGuest,HaroldPerrineau","Legendary half-vampire, half-human vampire hunter Blade is tracking Deacon Frost, a very powerful and influential vampire who killed his mother and who heads Existence, a secretive vampire organization that operates in Southeast Asia.",6.5,NA,921,NA,Marvel
79,Thor: Tales of Asgard,2011,"Animation,Action,Adventure",77,Not Rated,SamLiu,"MatthewWolf,RickGomez,TaraStrong,AlistairAbell",The young Norse god Thor embarks on a quest with his brother Loki to find and recover a legendary sword.,6.3,NA,5158,NA,Marvel
80,The Oscars,2018,"Comedy,Music",187,TV-14,GlennWeiss,"JimmyKimmel,HelenMirren,ViolaDavis,WillemDafoe","The 90th Annual Academy Awards ceremony, hosted by Jimmy Kimmel, celebrates the film industry's biggest achievements for the year 2017.",5.7,NA,1442,NA,Marvel
81,The Oscars,2017,"Comedy,Music",229,TV-14,GlennWeiss,"JimmyKimmel,JustinTimberlake,AliciaVikander,MahershalaAli","The 89th Annual Academy Awards ceremony celebrates the film industry's best and biggest in cinema for the year 2016 with host Jimmy Kimmel, including awards for best actors, directors, songs, original screenplays and motion picture.",6.7,NA,1862,NA,Marvel
84,Iron Man and Captain America: Heroes United,2014,"Animation,Action,Adventure",71,PG,"EricRadomski,LeoRiley","AdrianPasdar,RogerCraigSmith,FredTatasciore,DavidKaye","Iron Man and Captain America battle to keep the Red Skull and his triggerman, Taskmaster, from unleashing an army of Hydra Brutes on the world.",5.5,NA,1595,NA,Marvel
86,Iron Man & Hulk: Heroes United,2013,"Animation,Action,Adventure",71,PG,"EricRadomski,LeoRiley","AdrianPasdar,FredTatasciore,DeeBradleyBaker,RobinAtkinDownes",The Invincible Iron Man and the Incredible Hulk must join forces to save the Earth from its greatest threat yet.,4.7,NA,2192,NA,Marvel
88,Marvel Studios: Expanding the Universe,2019,"Documentary,Short",12,TV-PG,NA,"StephenBroussard,KevinFeige,MaryLivanos,KevinR.Wright","An exciting look into the future of Marvel Studios, including never-before-seen footage featuring tales and filmmakers from upcoming Disney+ series.",6.8,NA,261,NA,Marvel
89,Marvel Studios: Assembling a Universe,2014,"Documentary,History",43,TV-PG,NA,"AxelAlonso,VictoriaAlonso,HayleyAtwell,JeffreyBell","A look at the story behind Marvel Studios and the Marvel Cinematic Universe, featuring interviews and behind-the-scenes footage from all of the Marvel films, the Marvel One-Shots and ""Marvel's Agents of S.H.I.E.L.D.""",7.4,NA,1279,NA,Marvel
90,Stuntwomen: The Untold Hollywood Story,2020,Documentary,84,Not Rated,AprilWright,"MichelleJubileeGonzalez,JuanAbdias,AndyArmstrong,TammieBaird",An action-documentary about the evolution of stunt women from The Perils of Pauline (1914) and beyond.,7,53,104,NA,Marvel
93,Spider-Man: The Ultimate Villain Showdown,2002,"Animation,Action,Adventure",79,TV-Y7,BobRichardson,"DimitraArliss,SaraBallantine,ChristopherDanielBarnes,BobBergen","Featuring Green Goblin, Kingpin, and Dr. Octopus.",7,NA,184,NA,Marvel
107,Mutant X,2001,"Action,Adventure,Drama",42,TV-PG,BradTurner,"JohnShea,VictoriaPratt,LaurenLeeSmith,ForbesMarch","Mutant X encounters a new faction of New Mutants - the Strand, led by the powerful first mutant, Gabriel Ashlocke.",7.1,NA,32,NA,Marvel
108,Mutant X,2001,"Action,Adventure,Drama",43,TV-PG,AlanGoluboff,"VictoriaPratt,VictorWebster,ForbesMarch,KarenCliche",Mutant X tracks down a rogue scientist while Shalimar breaks away from the team to help Adam save the scientist and uncover the real bad guy.,5.6,NA,27,NA,Marvel
109,Mutant X,2001,"Action,Adventure,Drama",43,TV-PG,BillCorcoran,"VictoriaPratt,VictorWebster,ForbesMarch,KarenCliche",Mutant X unearths an old military experiment involving an age-reversal serum and is surprised to discover that Jesse's grandfather is a one of the test subjects.,5.4,NA,19,NA,Marvel
110,Mutant X,2001,"Action,Adventure,Drama",42,TV-PG,AndrewPotter,"ForbesMarch,VictoriaPratt,LaurenLeeSmith,VictorWebster","A young New Mutant from Adam's past shows up, seeking revenge for her father's death.",6.8,NA,30,NA,Marvel
111,Mutant X,2001,"Action,Adventure,Drama",43,TV-PG,AndrewPotter,"VictoriaPratt,VictorWebster,ForbesMarch,KarenCliche","As the Mutant X team fights to retrieve a formula hidden in a collection of artwork, Shalimar is given vital information from a mysterious source.",6.1,NA,22,NA,Marvel
112,Mutant X,2001,"Action,Adventure,Drama",43,TV-PG,OleySassone,"ForbesMarch,VictoriaPratt,LaurenLeeSmith,VictorWebster",The team face their most dangerous mission yet when they set out to stop a group of eco-terrorists.,6.4,NA,21,NA,Marvel
113,Mutant X,2001,"Action,Adventure,Drama",42,TV-PG,JohnFawcett,"JohnShea,VictoriaPratt,VictorWebster,DerwinJordan","Jesse is roped into a deadly undercover mission by his estranged father, who is working against Eckhart.",6.5,NA,30,NA,Marvel
114,Mutant X,2001,"Action,Adventure,Drama",42,TV-PG,BrentonSpencer,"JohnShea,VictoriaPratt,VictorWebster,ForbesMarch","A mutant who was disembodied takes over the bodies of various people. And sets out to go after the ones who did this to him. And one of them is a doctor, Shalamar likes.",6.2,NA,24,NA,Marvel
115,Mutant X,2001,"Action,Adventure,Drama",43,TV-PG,TimothyBond,"VictoriaPratt,VictorWebster,ForbesMarch,KarenCliche",The Mutant X team learns about Lexa's estranged twin brother when he becomes the main target of an underground operation harvesting mutant organs.,5.9,NA,24,NA,Marvel
116,Mutant X,2001,"Action,Adventure,Drama",43,TV-PG,JonathanHackett,"VictoriaPratt,VictorWebster,ForbesMarch,KarenCliche","Lexa's suspicions lead Mutant X to unveil a traveling death camp, which is posed as a circus for mutant refugees and Mutant X's enemy within the Dominion.",6.1,NA,28,NA,Marvel
117,Mutant X,2001,"Action,Adventure,Drama",43,TV-PG,BillCorcoran,"VictoriaPratt,VictorWebster,ForbesMarch,KarenCliche","While Brennan and Shalimar investigate a mysterious plane crash, Lexa contemplates her future with the Mutant X team.",5.4,NA,22,NA,Marvel
118,Mutant X,2001,"Action,Adventure,Drama",42,TV-PG,GraemeCampbell,"JohnShea,VictoriaPratt,VictorWebster,ForbesMarch","A boy who's developing new mutant abilities has been kidnapped. The team tries to find him, for his mother. They later learn she was the one who had her son kidnapped. She said it was too ...                See full summary <U+00BB>",6.3,NA,38,NA,Marvel
119,Mutant X,2001,"Action,Adventure,Drama",42,TV-PG,StaceyStewartCurtis,"ForbesMarch,VictoriaPratt,LaurenLeeSmith,VictorWebster","The team set out to save Brennan, who has become trapped inside an invisible town - and is facing execution for a crime he didn't commit.",6,NA,24,NA,Marvel
120,Mutant X,2001,"Action,Adventure,Drama",43,TV-PG,JorgeMontesi,"JohnShea,VictoriaPratt,VictorWebster,ForbesMarch","Mutant X and Genomex are both captured on film using their powers, and they both have to deal with the reporter who plans to go public with the information.",5.9,NA,28,NA,Marvel
121,Mutant X,2001,"Action,Adventure,Drama",42,TV-PG,JonCassar,"JohnShea,VictoriaPratt,VictorWebster,ForbesMarch",The team encounters some people trying to break into a Genomex lab and discover that they're ferals. They learn that they're military and that they're entire unit was experimented on which ...                See full summary <U+00BB>,6.5,NA,30,NA,Marvel
122,Mutant X,2001,"Action,Adventure,Drama",43,TV-PG,BradTurner,"JohnShea,VictoriaPratt,VictorWebster,ForbesMarch",The team tries to stop Eckhart from acquiring a rare element. But a thief gets it. The woman who has the ability to make men fall in love with her sets her sights on Brennan. She makes him ...                See full summary <U+00BB>,6.5,NA,34,NA,Marvel
123,Mutant X,2001,"Action,Adventure,Drama",43,TV-PG,RichardFlower,"VictoriaPratt,VictorWebster,ForbesMarch,KarenCliche",Brennan is forced to return to his criminal past when Mutant X discovers that his old partner is involved in stealing secrets from the Dominion.,6.1,NA,22,NA,Marvel
124,Mutant X,2001,"Action,Adventure,Drama",42,TV-PG,JonCassar,"JohnShea,VictoriaPratt,VictorWebster,ForbesMarch","An old friend of Brennan's lures him and Emma into a trap - Emma ends up split into two separate entities, one good and one evil.",6.3,NA,32,NA,Marvel
125,Mutant X,2001,"Action,Adventure,Drama",43,TV-PG,BillCorcoran,"VictoriaPratt,VictorWebster,ForbesMarch,KarenCliche",Mutant X must stop a scientist from cloning women for use as slaves in his ultra-exclusive men's club.,5.7,NA,20,NA,Marvel
126,Mutant X,2001,"Action,Adventure,Drama",43,TV-PG,JorgeMontesi,"JohnShea,VictoriaPratt,LaurenLeeSmith,ForbesMarch",Shalimar's former boyfriend shows up and is trying to recover a Faberge Egg that holds a microchip of extraordinary power.,6.1,NA,31,NA,Marvel
127,Mutant X,2001,"Action,Adventure,Drama",43,TV-14,BillCorcoran,"JohnShea,VictoriaPratt,VictorWebster,ForbesMarch","A mysterious tribunal finds Adam guilty of trying to dominate the world with his super-mutants and sentences him to death, sparking the rest of the team into life as they set out on a mission to save him.",5.7,NA,20,NA,Marvel
128,Mutant X,2001,"Action,Adventure,Drama",42,TV-PG,T.J.Scott,"JohnShea,VictoriaPratt,VictorWebster,ForbesMarch","Shalimar becomes close to another feral when it's ""lust at first sight,"" but matters become complicated when her new boyfriend tries to find a cure for his condition.",6.4,NA,55,NA,Marvel
129,Mutant X,2001,"Action,Adventure,Drama",43,TV-PG,OleySassone,"JohnShea,VictoriaPratt,VictorWebster,ForbesMarch",The team go undercover to investigate unexplained deaths in a prison.,6.4,NA,19,NA,Marvel
130,Mutant X,2001,"Action,Adventure,Drama",42,TV-PG,JonCassar,"ForbesMarch,VictoriaPratt,LaurenLeeSmith,VictorWebster","Brennan is captured and falls under Eckhart's control, and forced to work against the New Mutants.",6.3,NA,63,NA,Marvel
131,Mutant X,2001,"Action,Adventure,Drama",43,TV-PG,AndrewPotter,"VictoriaPratt,VictorWebster,ForbesMarch,KarenCliche","When Jesse's life hangs in the balance, Brennan must connect to him and lead him through past memories they've shared in order to save his life.",6.5,NA,23,NA,Marvel
132,Mutant X,2001,"Action,Adventure,Drama",42,TV-PG,JohnBell,"JohnShea,VictoriaPratt,VictorWebster,ForbesMarch","Jesse falls in love with a computer hacker, who Eckhart wants to ""procure"" to use to corrupt the public computer news channels against New Mutants and to the GSA's benefit.",6.1,NA,39,NA,Marvel
133,Mutant X,2001,"Action,Adventure,Drama",43,TV-PG,AndrewPotter,"ForbesMarch,VictoriaPratt,LaurenLeeSmith,VictorWebster","The team are on the trail of a pyromaniac mutant who is causing mayhem, and Shalimar is forced to set aside her fear of fire to save Emma",6.4,NA,17,NA,Marvel
134,Mutant X,2001,"Action,Adventure,Drama",42,TV-PG,KenGirotti,"JohnShea,VictoriaPratt,VictorWebster,ForbesMarch","Emma reunites with an old friend who possesses telecyber powers. The reunion turns dangerous, however, when Michelle tries to turn Emma over to the GSA.",4,NA,46,NA,Marvel
135,Mutant X,2001,"Action,Adventure,Drama",43,TV-PG,PhilipDavidSegal,"VictoriaPratt,VictorWebster,ForbesMarch,KarenCliche","In the exciting season opener, the surviving members of Mutant X emerge from a deadly explosion to meet the beautiful and mysterious Lexa, who makes them begin to question fundamental assumptions about their world.",6.7,NA,23,NA,Marvel
136,Mutant X,2001,"Action,Adventure,Drama",42,TV-PG,AndrewPotter,"JohnShea,VictoriaPratt,VictorWebster,ForbesMarch",A New Mutant is kidnapped from his family and Mutant X set out to recover him and find out what Eckhart's interest in him is.,6.4,NA,50,NA,Marvel
137,Mutant X,2001,"Action,Adventure,Drama",42,TV-PG,JohnBell,"JohnShea,VictoriaPratt,VictorWebster,ForbesMarch",The team encounters a mutant who kills other mutants by draining their energy. And can also come back to life after being killed. He eventually captures Emma.,6.5,NA,32,NA,Marvel
138,Mutant X,2001,"Action,Adventure,Drama",43,TV-PG,JonathanHackett,"ForbesMarch,VictoriaPratt,LaurenLeeSmith,VictorWebster",Shalimar reluctantly agrees to contact her estranged father when the team learn his company is involved in genetic testing and manipulation.,5.7,NA,20,NA,Marvel
139,Mutant X,2001,"Action,Adventure,Drama",42,TV-PG,JohnBell,"JohnShea,VictoriaPratt,VictorWebster,ForbesMarch","Eckhart seeks a mutant who can absorb energy, one who Brennan becomes romantically involved with.",6.7,NA,39,NA,Marvel
140,Mutant X,2001,"Action,Adventure,Drama",43,TV-PG,GraemeCampbell,"ForbesMarch,VictoriaPratt,LaurenLeeSmith,VictorWebster",When a plague that only affects mutants is raging. Adam and Eckhart agree to work together to find a cure. And helping Adam is a mutant who is impervious to harm who thinks of it more as a curse rather than a blessing.,6.5,NA,44,NA,Marvel
141,Mutant X,2001,"Action,Adventure,Drama",43,TV-PG,BillCorcoran,"VictoriaPratt,VictorWebster,ForbesMarch,KarenCliche","A mutant who has the ability to inter phase with any computer with his mind, who is paralyzed after an encounter with the team, takes over Sanctuary's computers. Shalimar and Lexa get out, ...                See full summary <U+00BB>",5.6,NA,22,NA,Marvel
142,Mutant X,2001,"Action,Adventure,Drama",43,TV-PG,JorgeMontesi,"VictoriaPratt,VictorWebster,ForbesMarch,LaurenLeeSmith","A military plane is shot down behind enemy lines, prompting the team to make a desperate bid to recover the secret government weapon that is hidden on board, before innocent lives are threatened.",6.3,NA,28,NA,Marvel
143,Mutant X,2001,"Action,Adventure,Drama",42,TV-PG,T.J.Scott,"JohnShea,VictoriaPratt,LaurenLeeSmith,ForbesMarch",A mutant with telepathic abilities who can make people experience mentally anything he wants manages to get into the minds of Mutant X. Now he is making them experience their worse fears. ...                See full summary <U+00BB>,7.1,NA,34,NA,Marvel
144,Mutant X,2001,"Action,Adventure,Drama",43,TV-PG,BrucePittman,"ForbesMarch,VictoriaPratt,LaurenLeeSmith,VictorWebster",The team step in to protect a main prosecution witness whose life has been threatened prior to the trial.,7.4,NA,25,NA,Marvel
145,Mutant X,2001,"Action,Adventure,Drama",43,TV-PG,BillCorcoran,"JohnShea,VictoriaPratt,VictorWebster,ForbesMarch",The team wrestle to contain Brennan's out-of-control mutant powers when he puts the mission to protect a senator's daughter in danger.,7.6,NA,29,NA,Marvel
146,Mutant X,2001,"Action,Adventure,Drama",43,TV-PG,T.J.Scott,"JohnShea,VictoriaPratt,VictorWebster,ForbesMarch","In a desperate attempt to save his own life, Ashlocke revives an ancient Egyptian alchemist who poses a lethal threat to the Mutant X team.",6.8,NA,32,NA,Marvel
147,Mutant X,2001,"Action,Adventure,Drama",43,TV-PG,Ren<U+00E9>Bonni<U+00E8>re,"VictoriaPratt,VictorWebster,ForbesMarch,KarenCliche",Brennan and the Mutant X team join forces with a time traveling mutant to defuse a bomb threatening devastating consequences.,6,NA,21,NA,Marvel
148,Mutant X,2001,"Action,Adventure,Drama",43,TV-PG,MilanCheylov,"ForbesMarch,VictoriaPratt,LaurenLeeSmith,VictorWebster",The team struggle to disempower a military colonel who has threatened to unleash a nuclear holocaust.,6,NA,29,NA,Marvel
149,Mutant X,2001,"Action,Adventure,Drama",42,TV-PG,KenGirotti,"ForbesMarch,VictoriaPratt,LaurenLeeSmith,VictorWebster",Adam is framed for murder by a New Mutant with the ability to steal people's memories.,6.2,NA,27,NA,Marvel
150,Mutant X,2001,"Action,Adventure,Drama",43,TV-PG,TimothyBond,"VictoriaPratt,VictorWebster,ForbesMarch,KarenCliche",Brennan battles with a Guardian of the Prophecy to stop the late mutant Ashlocke's plan from beyond the grave of world domination.,6,NA,23,NA,Marvel
151,Mutant X,2001,"Action,Adventure,Drama",43,TV-PG,JorgeMontesi,"JohnShea,VictoriaPratt,VictorWebster,ForbesMarch",Shalimar gets into difficulties when the team encounter a Cold War-era mutant with the ability to alter reality and destroy people's minds.,6,NA,20,NA,Marvel
152,Mutant X,2001,"Action,Adventure,Drama",43,TV-PG,T.W.Peacocke,"JohnShea,VictoriaPratt,VictorWebster,ForbesMarch",The team help the crew of an ocean research station threatened by a prehistoric creature - previously thought to be extinct.,6.1,NA,22,NA,Marvel
153,Mutant X,2001,"Action,Adventure,Drama",43,TV-PG,T.J.Scott,"JohnShea,VictoriaPratt,VictorWebster,ForbesMarch",Mutant X comes to the aid of a teenager New Mutant pursued by Russians - she holds the secret to a new weapon that targets mutants.,6,NA,58,NA,Marvel
154,Mutant X,2001,"Action,Adventure,Drama",43,TV-PG,AndrewPotter,"VictoriaPratt,VictorWebster,ForbesMarch,KarenCliche",The Mutant X team is called in to investigate bizarre activities occurring at a local hospital.,5.6,NA,19,NA,Marvel
155,Mutant X,2001,"Action,Adventure,Drama",43,TV-PG,JohnBell,"ForbesMarch,VictoriaPratt,LaurenLeeSmith,VictorWebster","Three extraterrestrials who pose a serious threat to humanity target Shalimar, so the team set out to save her from their evil clutches.",6.7,NA,27,NA,Marvel
156,Mutant X,2001,"Action,Adventure,Drama",43,TV-PG,AndrewPotter,"VictoriaPratt,VictorWebster,ForbesMarch,KarenCliche","Many of the mysteries surrounding Mutant X are revealed when Lexa and Jesse are captured by the Dominion and the team, along with Adam, goes in to rescue them.",6.2,NA,38,NA,Marvel
157,Mutant X,2001,"Action,Adventure,Drama",43,TV-PG,JorgeMontesi,"ForbesMarch,VictoriaPratt,VictorWebster,KarenCliche",The Mutant X team is brought in to help a military base that has become infected with a deadly disease.,5.5,NA,21,NA,Marvel
158,Mutant X,2001,"Action,Adventure,Drama",43,TV-PG,JohnBell,"VictoriaPratt,VictorWebster,ForbesMarch,LaurenLeeSmith","Ashlocke is desperate to find a cure for his fatal condition, and infiltrates the Sanctuary to blackmail Adam into getting hold of the antidote.",5.9,NA,27,NA,Marvel
159,Mutant X,2001,"Action,Adventure,Drama",43,TV-PG,OleySassone,"JohnShea,VictoriaPratt,VictorWebster,ForbesMarch",Brennan's shady ex-girlfriend turns to him for help when her latest scam takes a deadly turn.,6.1,NA,24,NA,Marvel
160,Mutant X,2001,"Action,Adventure,Drama",43,TV-PG,TerryIngram,"ForbesMarch,VictoriaPratt,VictorWebster,KarenCliche",The Mutant X team embarks on a mission to locate and capture a powerful super-mutant who possesses god-like powers.,5.2,NA,19,NA,Marvel
161,Mutant X,2001,"Action,Adventure,Drama",42,TV-PG,T.J.Scott,"ForbesMarch,VictoriaPratt,LaurenLeeSmith,VictorWebster","A mutant empath on the run from mysterious government agents is rescued by a team of fellow ""New Mutants"" - the group known as Mutant X.",6.3,NA,97,NA,Marvel
162,Mutant X,2001,"Action,Adventure,Drama",43,TV-PG,BillCorcoran,"VictoriaPratt,VictorWebster,ForbesMarch,KarenCliche","When Lexa is unknowingly drugged with a lethal substance, the team must race to find the antidote before it's too late.",6.1,NA,27,NA,Marvel
163,Mutant X,2001,"Action,Adventure,Drama",43,TV-PG,JohnBell,"ForbesMarch,VictoriaPratt,LaurenLeeSmith,VictorWebster","Ashlocke goes back in time to try and make himself invincible by giving something to his the younger self. Brennan and Shalimar follow him. Jesse takes the new mutant, who sent them back, ...                See full summary <U+00BB>",6.2,NA,29,NA,Marvel
164,Mutant X,2001,"Action,Adventure,Drama",43,TV-PG,AndrewPotter,"ForbesMarch,VictoriaPratt,LaurenLeeSmith,VictorWebster",Someone tries to kill Adam but the team saves him. The person who killed him was part of a group of assassins. So Adam sends Shalimar to join them and find out who wants to kill him. She ...                See full summary <U+00BB>,5.5,NA,26,NA,Marvel
165,Mutant X,2001,"Action,Adventure,Drama",43,TV-PG,JohnBell,"JohnShea,VictoriaPratt,VictorWebster,ForbesMarch","While on a job, Shalimar is injured, she is helped by another feral mutant, Nikki, whom she knew, who was almost chosen for the team. While Shalimar recuperates, she offers to fill in. But ...                See full summary <U+00BB>",6.1,NA,21,NA,Marvel
166,Mutant X,2001,"Action,Adventure,Drama",43,TV-PG,JorgeMontesi,"VictoriaPratt,VictorWebster,ForbesMarch,KarenCliche",The Mutant X team must stop the auction of a highly lethal substance that a number of notorious international terrorists are vying to acquire.,4.9,NA,17,NA,Marvel
167,Mutant X,2001,"Action,Adventure,Drama",43,TV-PG,Ren<U+00E9>Bonni<U+00E8>re,"VictoriaPratt,VictorWebster,ForbesMarch,KarenCliche",Jesse is forced to reconnect with his former fianc<U+00E9> when the Mutant X team learns that her company is involved in the genetic manipulation of crops.,6,NA,21,NA,Marvel
168,Mutant X,2001,"Action,Adventure,Drama",43,TV-PG,AndrewPotter,"VictoriaPratt,VictorWebster,ForbesMarch,KarenCliche",The Mutant X team must stop a serial killer who leaves clues to his next victims in the form of puzzles.,5,NA,21,NA,Marvel
169,Mutant X,2001,"Action,Adventure,Drama",42,TV-PG,TerryIngram,"JohnShea,VictoriaPratt,VictorWebster,ForbesMarch","A New Mutant with the power of invisibility is working against both Eckhart and Adam, despite the fact she was involved with Adam in the past.",6.8,NA,34,NA,Marvel
170,Mutant X,2001,"Action,Adventure,Drama",43,TV-PG,JorgeMontesi,"ForbesMarch,VictoriaPratt,LaurenLeeSmith,VictorWebster",The team head into the wilderness to track down a killer beast which is targeting hikers.,6.1,NA,27,NA,Marvel
171,Mutant X,2001,"Action,Adventure,Drama",43,TV-PG,ManfredGuthe,"JohnShea,VictoriaPratt,VictorWebster,ForbesMarch",Adam's sends them on a mission but doesn't give them much information. They're following a prisoner being transported in a van. Someone stops the van and releases the prisoner. When they ...                See full summary <U+00BB>,6.9,NA,23,NA,Marvel
172,X-Men: Evolution,2000,"Animation,Action,Drama",22,Not Rated,CurtGeda,"MeghanBlack,AndrewFrancis,MattHill,DavidKaye",Jean is about to confess her love to Scott when Mystique abducts Scott and abandons him in the desert in Mexico.,7.5,NA,109,NA,Marvel
173,X-Men: Evolution,2000,"Animation,Action,Drama",22,Not Rated,FrankPaur,"MeghanBlack,AlexandraCarter,NeilDenis,MarkHildreth","It's Christmas time and a mysterious ""angel"" has been sighted in New York City, saving those in need.",7.5,NA,123,NA,Marvel
174,X-Men: Evolution,2000,"Animation,Action,Drama",22,Not Rated,FrankPaur,"TedCole,AlexDoduk,NeilDenis,MichaelDobson","Spyke joins a skateboarding contest sponsored by ""Pow-R 8"" soda.",6.9,NA,102,NA,Marvel
175,Mutant X,2001,"Action,Adventure,Drama",43,TV-PG,TimothyBond,"VictoriaPratt,VictorWebster,ForbesMarch,JohnShea","Discovering that their teammate Lexa is the subject of a covert experiment that is controlling her, the Mutant X team hunts for the doctor responsible.",5.6,NA,30,NA,Marvel
176,X-Men: Evolution,2000,"Animation,Action,Drama",22,Not Rated,StevenE.Gordon,"MeghanBlack,RichardIanCox,NeilDenis,MichaelDobson","Rogue has nightmares based on memories she absorbed from Mystique, which reveal secrets about both her and Kurt's past.",7.7,NA,144,NA,Marvel
177,WandaVision,2021,"Action,Comedy,Drama",37,TV-PG,MattShakman,"ElizabethOlsen,PaulBettany,KathrynHahn,TeyonahParris","In an effort to fit in, Wanda and Vision perform a magic act in their community talent show.",7.8,NA,19878,NA,Marvel
178,WandaVision,2021,"Action,Comedy,Drama",33,TV-PG,MattShakman,"ElizabethOlsen,PaulBettany,KathrynHahn,TeyonahParris",Wanda's pregnancy fritzes her powers as she and Vision prepare for an accelerated delivery.,8.2,NA,18316,NA,Marvel
179,WandaVision,2021,"Action,Comedy,Drama",35,TV-PG,MattShakman,"ElizabethOlsen,PaulBettany,KathrynHahn,TeyonahParris","Monica Rambeau, tasked with a special assignment regarding sentient weapons, goes missing.",8.9,NA,19991,NA,Marvel
180,WandaVision,2021,"Action,Comedy,Drama",42,TV-14,MattShakman,"ElizabethOlsen,PaulBettany,KathrynHahn,TeyonahParris",Wanda addresses Vision's worries when he grows suspicious of the neighbors' strange behaviour.,9.1,NA,19632,NA,Marvel
181,WandaVision,2021,"Action,Comedy,Drama",38,TV-PG,MattShakman,"ElizabethOlsen,PaulBettany,KathrynHahn,TeyonahParris","Disturbances on Halloween separate Wanda from Vision, who looks into anomalous activity in Westview.",8.9,NA,17017,NA,Marvel
196,WWE 24,2015,"Documentary,Sport",57,TV-PG,NA,"DaveBautista,KenJeong,JohnCena,PaulLevesque",Batista: Dream Chaser Dave Bautista chased his dreams to become a WWE Legend and Hollywood megastar. Now witness Batista's amazing story as WWE 24 cameras capture the raw emotion of The ...                See full summary <U+00BB>,8.7,NA,21,NA,Marvel
227,Marvel Studios: Legends,2021,"Action,Fantasy,Sci-Fi",7,TV-14,NA,NA,Marvel Studios LEGENDS explores Wanda Maximoff's growth and the unique bond shaping her destiny.,7.7,NA,589,NA,Marvel
228,Marvel Studios: Legends,2021,"Action,Fantasy,Sci-Fi",7,TV-14,NA,NA,"Marvel Studios LEGENDS explores Vision's quest for humanity and love, capped by selfless sacrifice.",7.6,NA,555,NA,Marvel
229,WandaVision,2021,"Action,Comedy,Drama",38,TV-PG,MattShakman,"ElizabethOlsen,PaulBettany,KathrynHahn,TeyonahParris","Monica plots her return, Wanda navigates unsettling complications, and Vision forms a new alliance.",8.5,NA,15870,NA,Marvel
230,WandaVision,2021,"Action,Comedy,Drama",47,TV-PG,MattShakman,"ElizabethOlsen,PaulBettany,KathrynHahn,JulianHilliard",Wanda embarks on a troubling journey revisiting her past for insight into her present and future.,9,NA,17490,NA,Marvel
231,WandaVision,2021,"Action,Comedy,Drama",50,TV-PG,MattShakman,"ElizabethOlsen,PaulBettany,KathrynHahn,TeyonahParris",Wanda battles Agatha and Vision fights his S.W.O.R.D. counterpart as Hayward launches an attack on Westview.,8.4,NA,17356,NA,Marvel
245,Marvel Studios: Legends,2021,"Action,Fantasy,Sci-Fi",7,TV-14,NA,NA,"Revisit Sam's journey to becoming The Falcon, and his eventual partnering with The Winter Soldier.",7.5,NA,309,NA,Marvel
246,Marvel Studios: Legends,2021,"Action,Fantasy,Sci-Fi",8,TV-14,NA,NA,"Relive how Bucky Barnes was twisted into the ultimate assassin, and finally redeemed.",7.7,NA,310,NA,Marvel
247,Marvel Studios: Assembled,2021,Documentary,58,TV-14,BradBaruh,"AsifAli,KristenAnderson-Lopez,ChristopheBeck,PaulBettany","Join Elizabeth Olsen, Paul Bettany and more, to go behind the scenes of the groundbreaking series 'WandaVision'.",8.5,NA,551,NA,Marvel
248,Marvel Studios: Assembled,2021,Documentary,62,TV-14,BradBaruh,"NateMoore,ZoieNagelhout,KariSkogland,AnthonyMackie","Everything you need to know about the making of this hard hitting, high-flying series.",8.1,NA,283,NA,Marvel
249,Marvel Studios: Legends,2021,"Action,Fantasy,Sci-Fi",5,TV-14,NA,NA,LEGENDS retraces Zemo's diabolical scheme to incite a war amongst the Avengers themselves.,7.5,NA,256,NA,Marvel
250,Marvel Studios: Legends,2021,"Action,Fantasy,Sci-Fi",5,TV-14,NA,NA,"LEGENDS recounts how Agent Sharon Carter risked all for Steve Rogers, doing what she knew was right.",7.4,NA,252,NA,Marvel
260,Jessica Jones,2015,"Action,Crime,Drama",52,TV-MA,S.J.Clarkson,"KrystenRitter,MikeColter,RachaelTaylor,ErinMoriarty","Jessica Jones is hired to find an NYU student athlete who's vanished, but it turns out to be more than a simple missing persons case.",8,NA,6283,NA,Marvel
261,Luke Cage,2016,"Action,Crime,Drama",55,TV-MA,PaulMcGuigan,"MikeColter,MahershalaAli,SimoneMissick,TheoRossi","With tension building in the streets of Harlem thanks to ruthless club owner Cottonmouth, Luke finds it increasingly difficult to live a quiet life.",7.7,NA,4006,NA,Marvel
262,Luke Cage,2016,"Action,Crime,Drama",59,TV-MA,PaulMcGuigan,"MikeColter,MahershalaAli,SimoneMissick,TheoRossi","Luke is pulled deeper into the fight for his neighborhood when, as a favor to an old friend, he tries to help a kid who's in trouble with Cottonmouth.",8.2,NA,3502,NA,Marvel
263,Luke Cage,2016,"Action,Crime,Drama",57,TV-MA,GuillermoNavarro,"MikeColter,MahershalaAli,SimoneMissick,AlfreWoodard","In the aftermath of a chaotic event at a favorite Harlem hangout, Luke heeds the call to action and hits Cottonmouth where he'll feel it most.",8.3,NA,3312,NA,Marvel
264,Luke Cage,2016,"Action,Crime,Drama",53,TV-MA,VincenzoNatali,"MikeColter,SimoneMissick,TheoRossi,FrankWhaley","As he rescues a victim of Cottonmouth's vengeance, Luke remembers his earlier life and the conspiracy that led to his superhuman strength.",8.4,NA,3341,NA,Marvel
265,Luke Cage,2016,"Action,Crime,Drama",52,TV-MA,MarcJobst,"MikeColter,MahershalaAli,SimoneMissick,TheoRossi","Cottonmouth strikes back at Luke by taking his vengeance out on the people of Harlem, while detective Knight and Scarfe face an unexpected threat.",7.9,NA,3045,NA,Marvel
266,Luke Cage,2016,"Action,Crime,Drama",54,TV-MA,SamMiller,"MikeColter,MahershalaAli,SimoneMissick,RosarioDawson","After Cottonmouth and Scarfe's bloody clash, Luke realizes that saving the community may turn former allies into enemies, and enemies into allies.",8,NA,2980,NA,Marvel
267,Luke Cage,2016,"Action,Crime,Drama",52,TV-MA,AndyGoddard,"MikeColter,MahershalaAli,SimoneMissick,TheoRossi","Mariah's political career comes under fire, and Cottonmouth picks up information that could put Luke on the run.",8.4,NA,3092,NA,Marvel
268,Luke Cage,2016,"Action,Crime,Drama",49,TV-MA,MagnusMartens,"MikeColter,SimoneMissick,TheoRossi,ErikLaRayHarvey","Mariah campaigns to turn the city and the police against Luke, and not even Misty or Claire may be able to save him.",8,NA,2897,NA,Marvel
269,Luke Cage,2016,"Action,Crime,Drama",66,TV-MA,TomShankland,"MikeColter,SimoneMissick,TheoRossi,ErikLaRayHarvey","With Luke wounded and on the run, Misty faces a soul-searching interrogation. Mariah's rise to power takes a dark turn.",7.8,NA,2807,NA,Marvel
270,Luke Cage,2016,"Action,Crime,Drama",48,TV-MA,StephenSurjik,"MikeColter,SimoneMissick,ErikLaRayHarvey,RosarioDawson","Luke gets closer to the truth about Reva and her part in his fate, while Mariah wrestles with morality of her new role. Misty hunts for Luke.",7.9,NA,2757,NA,Marvel
271,Luke Cage,2016,"Action,Crime,Drama",52,TV-MA,GeorgeTillmanJr.,"MikeColter,SimoneMissick,TheoRossi,ErikLaRayHarvey","In one bold move, a person from Luke's past puts Luke on the defensive, Misty in dire straits, and Harlem's safety in jeopardy.",8.3,NA,2805,NA,Marvel
272,Luke Cage,2016,"Action,Crime,Drama",63,TV-MA,PhilAbraham,"MikeColter,SimoneMissick,TheoRossi,ErikLaRayHarvey",Misty digs deeper for the truth as the neighbourhood's power players throw the city into confusion.,8.1,NA,2811,NA,Marvel
273,Luke Cage,2016,"Action,Crime,Drama",46,TV-MA,ClarkJohnson,"MikeColter,SimoneMissick,TheoRossi,ErikLaRayHarvey","With all of Harlem bearing witness, Luke takes on the fight of his life in hopes of emerging as the defender his city needs.",7.8,NA,2931,NA,Marvel
274,Agents of S.H.I.E.L.D.,2013,"Action,Adventure,Drama",44,TV-PG,VincentMisiano,"ClarkGregg,Ming-NaWen,BrettDalton,ChloeBennet",Director Phil Coulson and Agent Daisy Johnson leading the charge as S.H.I.E.L.D. searches the world for more powered people in the aftermath of their epic battle with Jiaying and her army ...                See full summary <U+00BB>,8.6,NA,3142,NA,Marvel
275,Agents of S.H.I.E.L.D.,2013,"Action,Adventure,Drama",43,TV-PG,KevinTancharoen,"ClarkGregg,Ming-NaWen,BrettDalton,ChloeBennet","Fitz and the team enlist the aid of an Asgardian to unlock the secrets of the ancient monolith that swallowed Simmons, and Agent May is at a crossroads in her personal and professional life.",8.7,NA,2807,NA,Marvel
276,Agents of S.H.I.E.L.D.,2013,"Action,Adventure,Drama",42,TV-PG,GarryA.Brown,"ClarkGregg,Ming-NaWen,BrettDalton,ChloeBennet","Mack, Daisy, and Coulson race against time to keep Lincoln safe; Hunter will do whatever it takes to get revenge.",8.1,NA,2482,NA,Marvel
277,Agents of S.H.I.E.L.D.,2013,"Action,Adventure,Drama",43,TV-PG,RonUnderwood,"ClarkGregg,Ming-NaWen,BrettDalton,ChloeBennet","Having reluctantly agreed to share information with Rosalind and the ATCU, Coulson and the team search for the Inhuman who is killing other Inhumans; May feels that Hunter's mission to take down Ward is getting too personal.",8.3,NA,2453,NA,Marvel
278,Agents of S.H.I.E.L.D.,2013,"Action,Adventure,Drama",43,TV-PG,JesseBochco,"ClarkGregg,Ming-NaWen,BrettDalton,ChloeBennet","After her dramatic rescue from another planet, Simmons is still reeling from her ordeal and reveals how she had to fight for her life in a harsh new world.",9.3,NA,4623,NA,Marvel
279,Agents of S.H.I.E.L.D.,2013,"Action,Adventure,Drama",42,TV-PG,DwightH.Little,"ClarkGregg,Ming-NaWen,BrettDalton,ChloeBennet",The stakes get higher as May and Hunter pursue Ward and Hydra; Coulson thinks the ATCU could be keeping a big secret.,8.4,NA,2455,NA,Marvel
280,Agents of S.H.I.E.L.D.,2013,"Action,Adventure,Drama",43,TV-PG,DavidSolomon,"ClarkGregg,Ming-NaWen,BrettDalton,ChloeBennet","As Daisy and the team try to protect Inhumans, a shocking truth is revealed about S.H.I.E.L.D.'s biggest enemy; with Fitz's help, Simmons recovers information that could get them back through the portal.",8.5,NA,2413,NA,Marvel
281,Agents of S.H.I.E.L.D.,2013,"Action,Adventure,Drama",43,TV-PG,GarryA.Brown,"ClarkGregg,Ming-NaWen,BrettDalton,ChloeBennet",Dangerous facts about the ATCU are discovered by the team; Ward's plans to take down S.H.I.E.L.D. do not go as expected.,9,NA,2686,NA,Marvel
282,Agents of S.H.I.E.L.D.,2013,"Action,Adventure,Drama",43,TV-PG,KateWoods,"ClarkGregg,Ming-NaWen,BrettDalton,ChloeBennet","Ward's vendetta and plan for revenge against S.H.I.E.L.D. brings the team to their knees, and Coulson proves he will be willing to do anything to settle the conflict.",9,NA,2710,NA,Marvel
283,Agents of S.H.I.E.L.D.,2013,"Action,Adventure,Drama",42,TV-PG,VincentMisiano,"ClarkGregg,Ming-NaWen,BrettDalton,ChloeBennet","S.H.I.E.L.D battles Hydra head-to-head, which sees Coulson and Fitz take the ultimate risk while Daisy and the Inhumans try to keep Hydra at bay.",9.1,NA,2892,NA,Marvel
284,Agents of S.H.I.E.L.D.,2013,"Action,Adventure,Drama",43,TV-PG,RonUnderwood,"ClarkGregg,Ming-NaWen,BrettDalton,ChloeBennet","Coulson is more determined than ever to get to Gideon Malick and put to an end to Hydra once and for all in the aftermath of his trip to Maveth. Meanwhile, Daisy and the team encounter more...                See full summary <U+00BB>",8.1,NA,2195,NA,Marvel
285,Agents of S.H.I.E.L.D.,2013,"Action,Adventure,Drama",43,TV-PG,JohnTerlesky,"ClarkGregg,Ming-NaWen,BrettDalton,ChloeBennet","Coulson and the team investigate an international conference on the fate of the Inhumans. Back on the bus, Fitzsimmons may have found a way to stop the Inhuman gene from spreading.",8.1,NA,2143,NA,Marvel
286,Agents of S.H.I.E.L.D.,2013,"Action,Adventure,Drama",42,TV-PG,MichaelZinberg,"ClarkGregg,Ming-NaWen,BrettDalton,ChloeBennet","After tracking Malick to Russia, Bobbi and Hunter become involved in an assassination plot; the team is changed forever as they race to save lives in the balance.",8.8,NA,2787,NA,Marvel
287,Agents of S.H.I.E.L.D.,2013,"Action,Adventure,Drama",42,TV-PG,JesseBochco,"ClarkGregg,Ming-NaWen,BrettDalton,ChloeBennet",Agent Mack and his brother step in when a radical group called the Watchdogs plan to eliminate the Inhumans; Simmons finds a powerful chemical compound.,7.7,NA,2205,NA,Marvel
288,Agents of S.H.I.E.L.D.,2013,"Action,Adventure,Drama",43,TV-PG,KevinTancharoen,"ClarkGregg,Ming-NaWen,BrettDalton,ChloeBennet","When Daisy gets a horrifying glimpse of the future, S.H.I.E.L.D. races to prove that fate is not fixed.",8.7,NA,2364,NA,Marvel
289,Agents of S.H.I.E.L.D.,2013,"Action,Adventure,Drama",43,TV-PG,WendeyStanzler,"ClarkGregg,Ming-NaWen,BrettDalton,ChloeBennet",The team hunts for information on a new enemy; Malick's secret from his past threatens to destroy his Hydra legacy.,8.2,NA,2104,NA,Marvel
290,Agents of S.H.I.E.L.D.,2013,"Action,Adventure,Drama",43,TV-PG,ElodieKeene,"ClarkGregg,Ming-NaWen,BrettDalton,ChloeBennet","Agent Daisy Johnson must call upon the Secret Warriors for an inaugural mission that will leave no member unscathed, and S.H.I.E.L.D. learns more about Hive's powers, forcing them to question everyone they trust.",9,NA,2503,NA,Marvel
291,Agents of S.H.I.E.L.D.,2013,"Action,Adventure,Drama",42,TV-PG,GarryA.Brown,"ClarkGregg,Ming-NaWen,BrettDalton,ChloeBennet",The S.H.I.E.L.D. team is left reeling and decimated as Hive continues to sway Inhumans to his side. But there is a sliver of hope as Agents Fitz and Simmons follow a lead that may be able to stop the maniacal Inhuman once and for all.,8.3,NA,2152,NA,Marvel
292,Agents of S.H.I.E.L.D.,2013,"Action,Adventure,Drama",41,TV-PG,WendeyStanzler,"ClarkGregg,Ming-NaWen,BrettDalton,ChloeBennet","As the threat of Hive looms, loyalties are put to the test and the team must come up with a decisive resolution.",8.2,NA,2082,NA,Marvel
293,Agents of S.H.I.E.L.D.,2013,"Action,Adventure,Drama",43,TV-PG,VincentMisiano,"ClarkGregg,Ming-NaWen,BrettDalton,ChloeBennet","In the aftermath of the events of Captain America: Civil War (2016), S.H.I.E.L.D feels pressure to reveal their involvement with Inhumans. But with the stakes higher than ever and Hive ...                See full summary <U+00BB>",8.6,NA,2164,NA,Marvel
294,Agents of S.H.I.E.L.D.,2013,"Action,Adventure,Drama",43,TV-PG,BillyGierhart,"ClarkGregg,Ming-NaWen,BrettDalton,ChloeBennet","It's a showdown a season in the making as S.H.I.E.L.D. takes on Hive, and when his master plan is finally revealed, the team must spring into action.",8.6,NA,2229,NA,Marvel
295,Agents of S.H.I.E.L.D.,2013,"Action,Adventure,Drama",43,TV-PG,KevinTancharoen,"ClarkGregg,Ming-NaWen,BrettDalton,ChloeBennet","In the conclusion to ""Absolution,"" S.H.I.E.L.D. must spring into action to combat Hive.",9.1,NA,2681,NA,Marvel
296,Jessica Jones,2015,"Action,Crime,Drama",54,TV-MA,AnnaFoerster,"KrystenRitter,RachaelTaylor,EkaDarville,J.R.Ramirez","While Jessica deals with a rival PI and a paranoid would-be client, Trish digs up a medical file that could unlock the mystery of Jessica's powers.",7.6,NA,2930,NA,Marvel
297,Jessica Jones,2015,"Action,Crime,Drama",56,TV-MA,MinkieSpiro,"KrystenRitter,RachaelTaylor,EkaDarville,J.R.Ramirez",Jessica sets out to find Dr. Kozlov and makes a startling discovery. Trish recruits Malcolm for backup as she visits a figure from her past.,7.5,NA,2629,NA,Marvel
298,Agents of S.H.I.E.L.D.,2013,"Action,Adventure,Drama",43,TV-14,BillyGierhart,"ClarkGregg,Ming-NaWen,ChloeBennet,IainDeCaestecker",Daisy has left S.H.I.E.L.D. and is trying to solve the mystery of a bunch of serial killings in the Los Angeles area. At the same time her old friends suspect her for the killings and are following her trail in an attempt to find her.,8.4,NA,2752,NA,Marvel
299,The Punisher,2017,"Action,Crime,Drama",51,TV-MA,TomShankland,"JonBernthal,EbonMoss-Bachrach,AmberRoseRevah,DanielWebber",Former Marine Frank Castle takes the law into his own hands while struggling to come to terms with his traumatic past.,8.6,NA,7334,NA,Marvel
300,The Punisher,2017,"Action,Crime,Drama",57,TV-MA,TomShankland,"JonBernthal,EbonMoss-Bachrach,BenBarnes,AmberRoseRevah","A mysterious phone call forces Frank's hand. Meanwhile, Madani goes digging for suspects and Curtis delivers a message.",8.3,NA,6253,NA,Marvel
301,The Punisher,2017,"Action,Crime,Drama",58,TV-MA,AndyGoddard,"JonBernthal,EbonMoss-Bachrach,BenBarnes,AmberRoseRevah",Frank skips the subtlety while interrogating Micro. Brutal memories of top-secret missions shed light on Frank's past.,8.5,NA,6003,NA,Marvel
302,The Punisher,2017,"Action,Crime,Drama",49,TV-MA,KariSkogland,"JonBernthal,EbonMoss-Bachrach,BenBarnes,AmberRoseRevah","Madani and Sam plan a delicate operation, Curtis tries to connect with Lewis, and Frank encourages Micro to get his hands dirty.",8.4,NA,5665,NA,Marvel
303,The Punisher,2017,"Action,Crime,Drama",55,TV-MA,DearbhlaWalsh,"JonBernthal,EbonMoss-Bachrach,BenBarnes,AmberRoseRevah",Frank and Micro go looking for answers from a reluctant witness. Madani and Sam learn of a looming investigation. Rawlins sees a ghost.,8.7,NA,5654,NA,Marvel
304,The Punisher,2017,"Action,Crime,Drama",55,TV-MA,JeremyWebb,"JonBernthal,EbonMoss-Bachrach,BenBarnes,AmberRoseRevah","With Frank in bad shape, Micro calls on Curtis for help. Madani and Russo continue to mix business with pleasure. Lewis stands up for his rights.",8.3,NA,5396,NA,Marvel
305,The Punisher,2017,"Action,Crime,Drama",49,TV-MA,AndyGoddard,"JonBernthal,EbonMoss-Bachrach,BenBarnes,AmberRoseRevah",Lewis struggles with the ramifications of his actions. Frank and Micro pursue another face from the past. Madani and Sam go bug hunting.,8.7,NA,5407,NA,Marvel
306,The Punisher,2017,"Action,Crime,Drama",53,TV-MA,AntonioCampos,"JonBernthal,EbonMoss-Bachrach,BenBarnes,AmberRoseRevah","Russo opens up to Madani about his past, Sarah shares her concerns about her son with Frank, and a decoy operation takes a turn.",8.8,NA,5488,NA,Marvel
307,The Punisher,2017,"Action,Crime,Drama",54,TV-MA,MarcJobst,"JonBernthal,EbonMoss-Bachrach,BenBarnes,AmberRoseRevah","Following a deadly explosion, Karen lands in a bomber's crosshairs -- and Frank isn't happy about it. Meanwhile, Curtis makes a grisly discovery.",9,NA,5600,NA,Marvel
308,The Punisher,2017,"Action,Crime,Drama",49,TV-MA,JimO'Hanlon,"JonBernthal,BenBarnes,AmberRoseRevah,DanielWebber",An attack on a high-profile politician is examined (and reexamined) through different perspectives. Madani faces a painful truth.,9.2,NA,6391,NA,Marvel
309,The Punisher,2017,"Action,Crime,Drama",52,TV-MA,KevinHooks,"JonBernthal,EbonMoss-Bachrach,BenBarnes,AmberRoseRevah","As danger knocks on Sarah's door, Frank takes his quest for vengeance to the next level with some help from an unexpected ally.",9.3,NA,6751,NA,Marvel
310,The Punisher,2017,"Action,Crime,Drama",51,TV-MA,JetWilkinson,"JonBernthal,EbonMoss-Bachrach,BenBarnes,AmberRoseRevah","Frank makes a damning confession. A shootout leaves Sarah wondering what to believe. Rawlins goes in for the kill, once and for all.",9.5,NA,8511,NA,Marvel
311,The Punisher,2017,"Action,Crime,Drama",55,TV-MA,StephenSurjik,"JonBernthal,EbonMoss-Bachrach,BenBarnes,AmberRoseRevah","As the authorities close in, an exhausted but unbroken Frank vows to put an end to the war that has consumed his life.",9.2,NA,6877,NA,Marvel
312,Agents of S.H.I.E.L.D.,2013,"Action,Adventure,Drama",43,TV-PG,VincentMisiano,"ClarkGregg,Ming-NaWen,ChloeBennet,IainDeCaestecker","Daisy goes to battle Ghost Rider at a terrible cost, and Coulson faces the new director, whose bold agenda surprises them all.",8.1,NA,2321,NA,Marvel
313,Agents of S.H.I.E.L.D.,2013,"Action,Adventure,Drama",42,TV-PG,MagnusMartens,"ClarkGregg,Ming-NaWen,ChloeBennet,IainDeCaestecker","Coulson, Mack and Fitz try to locate and neutralize a rogue group looking to stop Inhuman registration worldwide; Simmons and Dr. Radcliffe have only a short time to save May before she succumbs to her illness.",8.3,NA,2230,NA,Marvel
314,Agents of S.H.I.E.L.D.,2013,"Action,Adventure,Drama",43,TV-PG,BradTurner,"ClarkGregg,Ming-NaWen,ChloeBennet,IainDeCaestecker","As Ghost Rider's quest for vengeance brings him into an explosive confrontation with S.H.I.E.L.D., Coulson and Mack must rely on an unlikely ally in their time of desperate need; and Daisy ...                See full summary <U+00BB>",8.5,NA,2218,NA,Marvel
315,Agents of S.H.I.E.L.D.,2013,"Action,Adventure,Drama",42,TV-PG,KateWoods,"ClarkGregg,Ming-NaWen,ChloeBennet,IainDeCaestecker","As Robbie Reyes struggles to control The Ghost Rider, S.H.I.E.L.D. infiltrates a high-security prison to unravel the secrets that haunt them all.",8.3,NA,2100,NA,Marvel
316,Agents of S.H.I.E.L.D.,2013,"Action,Adventure,Drama",41,TV-PG,BillyGierhart,"ClarkGregg,Ming-NaWen,ChloeBennet,IainDeCaestecker",The shocking origin story of Robbie's transition into Ghost Rider is revealed as the lives of Coulson and the team hang in the balance.,8.9,NA,2399,NA,Marvel
317,Agents of S.H.I.E.L.D.,2013,"Action,Adventure,Drama",43,TV-PG,JesseBochco,"ClarkGregg,Ming-NaWen,ChloeBennet,IainDeCaestecker","With the loss of half the team, the remaining members search for answers as the clock counts down for Ghost Rider.",8.9,NA,2242,NA,Marvel
318,Agents of S.H.I.E.L.D.,2013,"Action,Adventure,Drama",42,TV-PG,KevinTancharoen,"ClarkGregg,Ming-NaWen,ChloeBennet,IainDeCaestecker","With the lives of everyone in Los Angeles hanging in the balance, S.H.I.E.L.D. and Ghost Rider find themselves working together.",8.7,NA,2128,NA,Marvel
319,Agents of S.H.I.E.L.D.,2013,"Action,Adventure,Drama",43,TV-PG,GarryA.Brown,"ClarkGregg,Ming-NaWen,ChloeBennet,IainDeCaestecker","Though Coulson and May are growing closer, Coulson remains unaware of the dark secret May is hiding beneath the surface. Meanwhile, Aida is unrelenting in her search for the Darkhold.",8.4,NA,2008,NA,Marvel
320,Agents of S.H.I.E.L.D.,2013,"Action,Adventure,Drama",42,TV-PG,KevinTancharoen,"ClarkGregg,Ming-NaWen,ChloeBennet,IainDeCaestecker","Separated from their team, Coulson and Mack discover a shocking secret about Mace, leaving all of S.H.I.E.L.D. in a precarious position.",8.2,NA,1968,NA,Marvel
321,Agents of S.H.I.E.L.D.,2013,"Action,Adventure,Drama",42,TV-PG,JesseBochco,"ClarkGregg,Ming-NaWen,ChloeBennet,IainDeCaestecker",May works to uncover the truth about what happened to her; Aida's next move puts everyone's life at risk.,8.5,NA,1964,NA,Marvel
322,Agents of S.H.I.E.L.D.,2013,"Action,Adventure,Drama",42,TV-PG,NinaLopez-Corrado,"ClarkGregg,Ming-NaWen,ChloeBennet,IainDeCaestecker",Dr. Radcliffe goes after the Koenig family to find the location of the Darkhold. The Superior reveals his plans to Radcliffe.,8.2,NA,1960,NA,Marvel
323,Agents of S.H.I.E.L.D.,2013,"Action,Adventure,Drama",43,TV-PG,BillyGierhart,"ClarkGregg,Ming-NaWen,ChloeBennet,IainDeCaestecker",An explosive Inhuman surfaces and the team are tasked with containing it. Elsewhere: Coulson and Mack encounter Radcliffe's inspiration for Aida.,8.1,NA,1939,NA,Marvel
324,Agents of S.H.I.E.L.D.,2013,"Action,Adventure,Drama",42,TV-PG,WendeyStanzler,"ClarkGregg,Ming-NaWen,ChloeBennet,IainDeCaestecker","Coulson and the team engage in a deadly cat-and-mouse game as they work to rescue Director Mace, who is fighting for his life.",8.3,NA,1990,NA,Marvel
325,Agents of S.H.I.E.L.D.,2013,"Action,Adventure,Drama",43,TV-14,JedWhedon,"ClarkGregg,Ming-NaWen,ChloeBennet,IainDeCaestecker","As Radcliffe and Aida's plan goes into action, Fitz and Simmons are trapped in the Playground unsure of which of their friends are real and which ones have been replaced by LMDs.",9.5,NA,4213,NA,Marvel
326,Agents of S.H.I.E.L.D.,2013,"Action,Adventure,Drama",42,TV-PG,OzScott,"ClarkGregg,Ming-NaWen,ChloeBennet,IainDeCaestecker","Daisy and Simmons uncover secrets and lies in a world gone mad. With Hydra in control, they are our only hope to save everyone.",9.2,NA,2684,NA,Marvel
327,Agents of S.H.I.E.L.D.,2013,"Action,Adventure,Drama",43,TV-PG,GarryA.Brown,"ClarkGregg,Ming-NaWen,ChloeBennet,IainDeCaestecker","As Daisy and Simmons struggle to discover an escape route to the real world, the identity of the Inhuman leader of the Resistance is revealed.",8.9,NA,2300,NA,Marvel
328,Agents of S.H.I.E.L.D.,2013,"Action,Adventure,Drama",43,TV-PG,EricLaneuville,"ClarkGregg,Ming-NaWen,ChloeBennet,IainDeCaestecker",The truth behind Fitz's turn threatens to bring down all of S.H.I.E.L.D.,9.1,NA,2380,NA,Marvel
329,Agents of S.H.I.E.L.D.,2013,"Action,Adventure,Drama",43,TV-PG,BillyGierhart,"ClarkGregg,Ming-NaWen,ChloeBennet,IainDeCaestecker",Daisy teams up with an unlikely partner; Aida prepares to put her endgame into effect.,8.7,NA,2146,NA,Marvel
330,Agents of S.H.I.E.L.D.,2013,"Action,Adventure,Drama",41,TV-PG,VincentMisiano,"ClarkGregg,Ming-NaWen,ChloeBennet,IainDeCaestecker","The clock is ticking for Daisy and Simmons to get the team out of the Framework, but not everyone is ready and willing to leave.",9.1,NA,2329,NA,Marvel
331,Agents of S.H.I.E.L.D.,2013,"Action,Adventure,Drama",43,TV-PG,KevinTancharoen,"ClarkGregg,Ming-NaWen,ChloeBennet,IainDeCaestecker","Coulson and the team's victory in the Framework is short-lived, as an even deadlier enemy looms against them all.",9.2,NA,2374,NA,Marvel
332,Agents of S.H.I.E.L.D.,2013,"Action,Adventure,Drama",43,TV-PG,BillyGierhart,"ClarkGregg,Ming-NaWen,ChloeBennet,IainDeCaestecker","With the surprising emergence of Ghost Rider, Coulson and the team attempt to stop Aida from ending the world.",9.2,NA,2594,NA,Marvel
333,Agents of S.H.I.E.L.D.,2013,"Action,Adventure,Drama",42,TV-14,JesseBochco,"ClarkGregg,Ming-NaWen,ChloeBennet,IainDeCaestecker","Coulson and the team find themselves trapped on a mysterious ship in outer space, and that's just the beginning of the nightmare to come.",9,NA,2814,NA,Marvel
334,Agents of S.H.I.E.L.D.,2013,"Action,Adventure,Drama",43,TV-14,DavidSolomon,"ClarkGregg,Ming-NaWen,ChloeBennet,IainDeCaestecker","Coulson and the team find themselves stranded on a mysterious ship in outer space, and that's just the beginning of the nightmare to come.",8.8,NA,2528,NA,Marvel
335,Agents of S.H.I.E.L.D.,2013,"Action,Adventure,Drama",42,TV-PG,KevinHooks,"ClarkGregg,Ming-NaWen,ChloeBennet,IainDeCaestecker","Daisy decides she will rescue Simmons, even though she must risk everything.",8.3,NA,2176,NA,Marvel
336,Agents of S.H.I.E.L.D.,2013,"Action,Adventure,Drama",43,TV-PG,StanleyM.Brooks,"ClarkGregg,Ming-NaWen,ChloeBennet,IainDeCaestecker",Coulson and the team discover their captors' true intentions.,8.4,NA,2114,NA,Marvel
337,Agents of S.H.I.E.L.D.,2013,"Action,Adventure,Drama",42,TV-14,JesseBochco,"ClarkGregg,Ming-NaWen,ChloeBennet,IainDeCaestecker","With the help of Lance Hunter, nothing will stop Fitz from finding his lost team as his secret journey is revealed.",9.2,NA,2782,NA,Marvel
338,Agents of S.H.I.E.L.D.,2013,"Action,Adventure,Drama",42,TV-PG,ClarkGregg,"ClarkGregg,Ming-NaWen,ChloeBennet,IainDeCaestecker","With Daisy's life on the line, an unexpected friend attempts to rescue her.",9,NA,2328,NA,Marvel
339,Agents of S.H.I.E.L.D.,2013,"Action,Adventure,Drama",40,TV-14,BradTurner,"ClarkGregg,Ming-NaWen,ChloeBennet,IainDeCaestecker","Just as the team reunites, they become prey to an undefeated Kree warrior bent on killing them all.",8.4,NA,1991,NA,Marvel
340,Agents of S.H.I.E.L.D.,2013,"Action,Adventure,Drama",42,TV-14,NinaLopez-Corrado,"ClarkGregg,Ming-NaWen,ChloeBennet,IainDeCaestecker",Coulson and the team discover that the most unexpected person from S.H.I.E.L.D.'s past may hold the key to stopping Earth's destruction.,8.4,NA,2015,NA,Marvel
341,Agents of S.H.I.E.L.D.,2013,"Action,Adventure,Drama",41,TV-PG,GarryA.Brown,"ClarkGregg,Ming-NaWen,ChloeBennet,IainDeCaestecker","Mack, Yo-Yo and Flint fight to keep everyone alive by starting a revolution against the Kree.",8.4,NA,1881,NA,Marvel
342,Agents of S.H.I.E.L.D.,2013,"Action,Adventure,Drama",42,TV-14,EricLaneuville,"ClarkGregg,Ming-NaWen,ChloeBennet,IainDeCaestecker","The team has one final chance to return to their timeline, but their actions may have deadly consequences.",8.7,NA,2034,NA,Marvel
343,Agents of S.H.I.E.L.D.,2013,"Action,Adventure,Drama",42,TV-14,KateWoods,"ClarkGregg,Ming-NaWen,ChloeBennet,IainDeCaestecker",Coulson and his team are out to rewrite the fate of humanity but they are unaware how the changes will affect one S.H.I.E.L.D. agent's life.,8.6,NA,1939,NA,Marvel
344,Agents of S.H.I.E.L.D.,2013,"Action,Adventure,Drama",43,TV-14,KevinTancharoen,"ClarkGregg,Ming-NaWen,ChloeBennet,IainDeCaestecker","Coulson finally reveals the mysterious deal he made with Ghost Rider, which will impact everyone on the team.",9.2,NA,2689,NA,Marvel
345,Agents of S.H.I.E.L.D.,2013,"Action,Adventure,Drama",42,TV-14,BradTurner,"ClarkGregg,Ming-NaWen,ChloeBennet,IainDeCaestecker",The team goes in search of Gravitonium in order to save the world.,8.2,NA,1815,NA,Marvel
346,Agents of S.H.I.E.L.D.,2013,"Action,Adventure,Drama",42,TV-14,NinaLopez-Corrado,"ClarkGregg,Ming-NaWen,ChloeBennet,IainDeCaestecker",Fitz and Simmons are faced with one of their greatest fears as they search for a way to seal the rift.,9.1,NA,2453,NA,Marvel
347,Agents of S.H.I.E.L.D.,2013,"Action,Adventure,Drama",43,TV-14,JesseBochco,"ClarkGregg,Ming-NaWen,ChloeBennet,IainDeCaestecker",Coulson uncovers General Hale's real agenda and it could be the end of the world if S.H.I.E.L.D. can't help her.,8.6,NA,1845,NA,Marvel
348,Agents of S.H.I.E.L.D.,2013,"Action,Adventure,Drama",42,TV-14,SalliRichardson-Whitfield,"ClarkGregg,Ming-NaWen,ChloeBennet,IainDeCaestecker","Coulson is forced to team up with unlikely allies to save the world, while his team try to track him down and rescue him.",8.4,NA,1728,NA,Marvel
349,Agents of S.H.I.E.L.D.,2013,"Action,Adventure,Drama",42,TV-14,GarryA.Brown,"ClarkGregg,Ming-NaWen,ChloeBennet,IainDeCaestecker","When an agents life hangs in the balance, Fitz, Simmons and Yo-Yo attempt to neutralise a weapon that could play a role in Earth's destruction.",8.2,NA,1695,NA,Marvel
350,Agents of S.H.I.E.L.D.,2013,"Action,Adventure,Drama",41,TV-14,JenniferLynch,"ClarkGregg,Ming-NaWen,ChloeBennet,IainDeCaestecker",The team must find a way to stop Ruby before the prophesied chain reaction that can destroy the earth is put into motion.,8.4,NA,1677,NA,Marvel
351,Agents of S.H.I.E.L.D.,2013,"Action,Adventure,Drama",42,TV-14,KevinTancharoen,"ClarkGregg,Ming-NaWen,ChloeBennet,IainDeCaestecker",The team finds themselves trapped and under siege at the Lighthouse.,8.7,NA,1759,NA,Marvel
352,Agents of S.H.I.E.L.D.,2013,"Action,Adventure,Drama",42,TV-14,CherieGierhart,"ClarkGregg,Ming-NaWen,ChloeBennet,IainDeCaestecker",A newly determined Talbot takes Coulson to meet the enemy and attempts to avert Earth's destruction.,8.4,NA,1696,NA,Marvel
353,Agents of S.H.I.E.L.D.,2013,"Action,Adventure,Drama",43,TV-14,KevinTancharoen,"ClarkGregg,Ming-NaWen,ChloeBennet,IainDeCaestecker",Daisy's future as the destroyer of worlds could take a critical change.,8.6,NA,1723,NA,Marvel
354,Agents of S.H.I.E.L.D.,2013,"Action,Adventure,Drama",43,TV-14,JedWhedon,"ClarkGregg,Ming-NaWen,ChloeBennet,IainDeCaestecker",The team must choose between Coulson's life or death; the wrong decision will cause the destruction of Earth.,9.3,NA,2675,NA,Marvel
355,Agents of S.H.I.E.L.D.,2013,"Action,Adventure,Drama",42,TV-14,ClarkGregg,"ClarkGregg,Ming-NaWen,ChloeBennet,IainDeCaestecker","Scattered across the galaxy, the team works to find their footing in the wake of losing Coulson.",8.1,NA,1916,NA,Marvel
356,Agents of S.H.I.E.L.D.,2013,"Action,Adventure,Drama",43,TV-14,KevinTancharoen,"ClarkGregg,Ming-NaWen,ChloeBennet,IainDeCaestecker","While Fitz and Enoch struggle in space, Sarge and his team move forward with their mysterious mission on Earth.",8.1,NA,1592,NA,Marvel
357,Agents of S.H.I.E.L.D.,2013,"Action,Adventure,Drama",43,TV-14,JesseBochco,"ClarkGregg,Ming-NaWen,ChloeBennet,IainDeCaestecker","While Fitz and Enoch try their luck at the casino, Daisy and Simmons find themselves in a much more exciting situation.",8.5,NA,1887,NA,Marvel
358,Agents of S.H.I.E.L.D.,2013,"Action,Adventure,Drama",41,TV-14,MarkKolpack,"ClarkGregg,Ming-NaWen,ChloeBennet,IainDeCaestecker",Yo-Yo and Keller take things public; parasitic aliens threaten the human race; and someone really needs boba.,7.9,NA,1600,NA,Marvel
359,Agents of S.H.I.E.L.D.,2013,"Action,Adventure,Drama",42,TV-14,LouDiamondPhillips,"ClarkGregg,Ming-NaWen,ChloeBennet,IainDeCaestecker","Sarge has May; Altarah has Daisy, Enoch and Simmons; and now, there are two planets that need saving.",8.1,NA,1445,NA,Marvel
360,Agents of S.H.I.E.L.D.,2013,"Action,Adventure,Drama",42,TV-14,JesseBochco,"ClarkGregg,Ming-NaWen,ChloeBennet,IainDeCaestecker","Fitz and Simmons have fought through space, time and alternate realities to find each other, and now, closer than ever, only their own demons can stop their mission.",9,NA,2200,NA,Marvel
361,Agents of S.H.I.E.L.D.,2013,"Action,Adventure,Drama",42,TV-14,KeithPotter,"ClarkGregg,Ming-NaWen,ChloeBennet,IainDeCaestecker","After finding themselves in yet another gambling dilemma, a mysterious stranger offers Enoch and FitzSimmons a ride home.",8,NA,1371,NA,Marvel
362,Agents of S.H.I.E.L.D.,2013,"Action,Adventure,Drama",42,TV-14,KristinWindell,"ClarkGregg,Ming-NaWen,ChloeBennet,IainDeCaestecker","To face The Galaxy-Hopping Hate-Beast That Eats Planets, the team on Earth asks for help in all the wrong places; while back on the Lazy Comet, something weird goes on with Izel's crew.",8.5,NA,1372,NA,Marvel
363,Agents of S.H.I.E.L.D.,2013,"Action,Adventure,Drama",42,TV-14,SarahBoyd,"ClarkGregg,Ming-NaWen,ChloeBennet,IainDeCaestecker",There's no time for the team to play catch-up when there's a planet to save.,8.6,NA,1395,NA,Marvel
364,Agents of S.H.I.E.L.D.,2013,"Action,Adventure,Drama",42,TV-14,GarryA.Brown,"ClarkGregg,Ming-NaWen,ChloeBennet,IainDeCaestecker",The team must trust each other in order to face impending doom and an enemy that's closer than they think.,8.6,NA,1394,NA,Marvel
365,Agents of S.H.I.E.L.D.,2013,"Action,Adventure,Drama",42,TV-14,JenniferPhang,"ClarkGregg,Ming-NaWen,ChloeBennet,IainDeCaestecker","Out of answers and running out of time, the agents must face the ghosts of their past to move forward.",8.2,NA,1261,NA,Marvel
366,Agents of S.H.I.E.L.D.,2013,"Action,Adventure,Drama",41,TV-14,NinaLopez-Corrado,"ClarkGregg,Ming-NaWen,ChloeBennet,IainDeCaestecker","With time running short, the team has to go to hell to stop the end of everything.",8.5,NA,1289,NA,Marvel
367,Agents of S.H.I.E.L.D.,2013,"Action,Adventure,Drama",43,TV-14,KevinTancharoen,"ClarkGregg,Ming-NaWen,ChloeBennet,IainDeCaestecker","With time running short, the team has to go to hell to stop the end of everything.",8.7,NA,1509,NA,Marvel
368,The Falcon and the Winter Soldier,2021,"Action,Adventure,Drama",47,TV-14,KariSkogland,"AnthonyMackie,SebastianStan,WyattRussell,DonCheadle",Sam Wilson and Bucky Barnes realize that their futures are anything but normal.,7.8,NA,14662,NA,Marvel
369,The Falcon and the Winter Soldier,2021,"Action,Adventure,Drama",47,TV-14,KariSkogland,"AnthonyMackie,SebastianStan,WyattRussell,Cl<U+00E9>Bennett","John Walker is named Captain America, and Sam Wilson and Bucky Barnes team up against the rebel group the Flag Smashers.",7.9,NA,12611,NA,Marvel
370,The Falcon and the Winter Soldier,2021,"Action,Adventure,Drama",51,TV-14,KariSkogland,"AnthonyMackie,SebastianStan,DanielBr<U+00FC>hl,EmilyVanCamp","To find the source of the Super Soldier Serum, Sam and Bucky must scale a ladder of low-lifes starting in Madripoor with Zemo.",8,NA,11623,NA,Marvel
371,The Falcon and the Winter Soldier,2021,"Action,Adventure,Drama",53,TV-14,KariSkogland,"AnthonyMackie,SebastianStan,DanielBr<U+00FC>hl,EmilyVanCamp",John Walker loses patience with Sam and Bucky as they learn more about Karli Morgenthau.,8.8,NA,13150,NA,Marvel
372,The Falcon and the Winter Soldier,2021,"Action,Adventure,Drama",57,TV-14,KariSkogland,"AnthonyMackie,SebastianStan,DanielBr<U+00FC>hl,EmilyVanCamp","Sam Wilson, Bucky Barnes, Baron Zemo, John Walker, and Karli Morgenthau must all deal with the fall out from their actions.",8,NA,10736,NA,Marvel
373,The Falcon and the Winter Soldier,2021,"Action,Adventure,Drama",49,TV-14,KariSkogland,"AnthonyMackie,SebastianStan,EmilyVanCamp,DanielBr<U+00FC>hl","As the Flag Smashers escalate their efforts, Sam and Bucky take action.",7.9,NA,10805,NA,Marvel
374,Agents of S.H.I.E.L.D.,2013,"Action,Adventure,Drama",43,TV-14,KevinTancharoen,"ClarkGregg,Ming-NaWen,ChloeBennet,ElizabethHenstridge","Coulson and the agents are thrust backwards in time and stranded in 1931 New York City; with an all-new Zephyr set to time-jump at any moment, the team must hurry to find out exactly what happened.",8.4,NA,1645,NA,Marvel
375,Agents of S.H.I.E.L.D.,2013,"Action,Adventure,Drama",42,TV-14,EricLaneuville,"ClarkGregg,Ming-NaWen,ChloeBennet,ElizabethHenstridge","With the identity of the timeline-unraveling ""thread"" revealed, the team's mission to protect him at all costs leads each agent to question their own values.",8.2,NA,1445,NA,Marvel
376,Agents of S.H.I.E.L.D.,2013,"Action,Adventure,Drama",42,TV-14,NinaLopez-Corrado,"ClarkGregg,Ming-NaWen,ChloeBennet,ElizabethHenstridge","A surprise leap forward in time strands Enoch in 1931 and lands the team in another unfamiliar decade; in order to stop the chronicoms from launching their future-dismantling plan, the ...                See full summary <U+00BB>",8.6,NA,1487,NA,Marvel
377,Agents of S.H.I.E.L.D.,2013,"Action,Adventure,Drama",43,TV-14,GarryA.Brown,"ClarkGregg,Ming-NaWen,ChloeBennet,ElizabethHenstridge","Agent Phil Coulson comes to a realization about the importance of July 22, 1955, in the S.H.I.E.L.D. history books.",8.8,NA,1576,NA,Marvel
378,Agents of S.H.I.E.L.D.,2013,"Action,Adventure,Drama",42,TV-14,StanleyM.Brooks,"ClarkGregg,Ming-NaWen,ChloeBennet,ElizabethHenstridge",The team - Daniel Sousa in tow - reunites with more than one familiar face at the S.H.I.E.L.D. hangout and discovers exactly how to dismantle the Chronicoms' latest plan; the Zephyr unexpectedly leaps forward again.,8.5,NA,1364,NA,Marvel
379,Agents of S.H.I.E.L.D.,2013,"Action,Adventure,Drama",43,TV-14,AprillWinney,"ClarkGregg,Ming-NaWen,ChloeBennet,ElizabethHenstridge","After blowing its cover and damaging the Zephyr in the process, the team must scramble to rescue Mack's parents, save S.H.I.E.L.D. from a chronicom infestation and fix the ship; Daisy and ...                See full summary <U+00BB>",8.5,NA,1304,NA,Marvel
380,Agents of S.H.I.E.L.D.,2013,"Action,Adventure,Drama",43,TV-14,JesseBochco,"ClarkGregg,Ming-NaWen,ChloeBennet,ElizabethHenstridge","After getting stranded in 1982, Mack retreats to his childhood home to deal with the death of his parents; Deke scouts a group of new agents.",8,NA,1584,NA,Marvel
381,Agents of S.H.I.E.L.D.,2013,"Action,Adventure,Drama",42,TV-14,EliGonda,"ClarkGregg,Ming-NaWen,ChloeBennet,ElizabethHenstridge","With the Zephyr's time drive malfunctioning, the team hurtle toward disaster with Yo-Yo as its only hope; Yo-Yo must enlist the help of an old adversary to regain her powers.",8,NA,1274,NA,Marvel
382,Agents of S.H.I.E.L.D.,2013,"Action,Adventure,Drama",43,TV-14,ElizabethHenstridge,"ClarkGregg,Ming-NaWen,ChloeBennet,ElizabethHenstridge","A time storm ravages the Zephyr, propelling it toward destruction while simultaneously forcing Daisy and Coulson to relive their failed attempts to save the team.",9.6,NA,2700,NA,Marvel
383,Agents of S.H.I.E.L.D.,2013,"Action,Adventure,Drama",41,TV-14,GarryA.Brown,"ClarkGregg,Ming-NaWen,ChloeBennet,ElizabethHenstridge","The team arrives back in 1983, where Nathaniel and Kora are hard at work building an army; Daisy is tasked with protecting Jiaying; the others learn they'll need to face another supercharged enemy to stop Malick.",8.3,NA,1184,NA,Marvel
384,Agents of S.H.I.E.L.D.,2013,"Action,Adventure,Drama",43,TV-14,KeithPotter,"ClarkGregg,Ming-NaWen,ChloeBennet,ElizabethHenstridge","With help from Kora on the inside, Sibyl and Nathanial continue their fight to shape a dark new future for S.H.I.E.L.D., managing to stay one step ahead of the agents along the way.",8.4,NA,1156,NA,Marvel
385,Agents of S.H.I.E.L.D.,2013,"Action,Adventure,Drama",43,TV-14,ChrisCheramie,"ClarkGregg,Ming-NaWen,ChloeBennet,ElizabethHenstridge","Sibyl attempts to get the location of Fitz from Jemma's memories. Meanwhile, the SHIELD team attempts to stop Nathaniel's plans for anarchy and the Chronicoms' attempts to rewrite history.",9.1,NA,1471,NA,Marvel
387,Agents of S.H.I.E.L.D.,2013,"Action,Adventure,Drama",43,TV-14,KevinTancharoen,"ClarkGregg,Ming-NaWen,ChloeBennet,ElizabethHenstridge",The final fight against the Chronicoms begins. A familiar face returns.,9.5,NA,2284,NA,Marvel
388,WandaVision,2021,"Action,Comedy,Drama",30,TV-PG,MattShakman,"ElizabethOlsen,PaulBettany,KathrynHahn,FredMelamed",Wanda and Vision struggle to conceal their powers during dinner with Vision's boss and his wife.,7.5,NA,21001,NA,Marvel